Nomor,KP,Jumlah,Entri,Tipe,Pembentukan
83337,k,0,mewawancarai,dasar,
83337.1,v,,[meng-:me-] + <wawancara> + -i,bentukan,[1] meng- + (l;m;n;ng;ny;r;w;y;[t:n];[p:m];[k:ng];[s:ny]) + (-i;-kan)
83337.2,x,,[meng-:me-] + <wawancarai>,bentukan,[1] meng- + (l;m;n;ng;ny;r;w;y;[t:n];[p:m];[k:ng];[s:ny]) + (-i;-kan)
83337.3,x,,<mewawancara> + -i,bentukan,[28] [S] -i + (<all>)
,,,,,
83338,k,0,mewawas,dasar,
83338.1,v,,[meng-:me-] + <wawas>,bentukan,[1] meng- + (l;m;n;ng;ny;r;w;y;[t:n];[p:m];[k:ng];[s:ny]) + (-i;-kan)
,,,,,
83339,k,0,mewawas diri,dasar,
83339.1,x,,[meng-:me-] + <wawas dir> + -i,bentukan,[1] meng- + (l;m;n;ng;ny;r;w;y;[t:n];[p:m];[k:ng];[s:ny]) + (-i;-kan)
83339.2,x,,[meng-:me-] + <wawas diri>,bentukan,[1] meng- + (l;m;n;ng;ny;r;w;y;[t:n];[p:m];[k:ng];[s:ny]) + (-i;-kan)
83339.3,x,,<mewawas dir> + -i,bentukan,[28] [S] -i + (<all>)
,,,,,
83340,k,0,mewayangkan,dasar,
83340.1,v,,[meng-:me-] + <wayang> + -kan,bentukan,[1] meng- + (l;m;n;ng;ny;r;w;y;[t:n];[p:m];[k:ng];[s:ny]) + (-i;-kan)
83340.2,x,,[meng-:me-] + <wayangkan>,bentukan,[1] meng- + (l;m;n;ng;ny;r;w;y;[t:n];[p:m];[k:ng];[s:ny]) + (-i;-kan)
83340.3,x,,<mewayang> + -kan,bentukan,[29] [S] -kan + (<all>)
83340.4,x,,<mewayangk> + -an,bentukan,[38] [S] -an + (<all>)
,,,,,
83341,k,0,mewedar,dasar,
83341.1,v,,[meng-:me-] + <wedar>,bentukan,[1] meng- + (l;m;n;ng;ny;r;w;y;[t:n];[p:m];[k:ng];[s:ny]) + (-i;-kan)
,,,,,
83342,k,0,mewedel,dasar,
83342.1,v,,[meng-:me-] + <wedel>,bentukan,[1] meng- + (l;m;n;ng;ny;r;w;y;[t:n];[p:m];[k:ng];[s:ny]) + (-i;-kan)
,,,,,
83343,k,0,mewejang,dasar,
83343.1,v,,[meng-:me-] + <wejang>,bentukan,[1] meng- + (l;m;n;ng;ny;r;w;y;[t:n];[p:m];[k:ng];[s:ny]) + (-i;-kan)
,,,,,
83344,k,0,mewek,dasar,
83344.1,x,,[meng-:me-] + <wek>,bentukan,[1] meng- + (l;m;n;ng;ny;r;w;y;[t:n];[p:m];[k:ng];[s:ny]) + (-i;-kan)
,,,,,
83345,k,0,mewilayahi,dasar,
83345.1,v,,[meng-:me-] + <wilayah> + -i,bentukan,[1] meng- + (l;m;n;ng;ny;r;w;y;[t:n];[p:m];[k:ng];[s:ny]) + (-i;-kan)
83345.2,x,,[meng-:me-] + <wilayahi>,bentukan,[1] meng- + (l;m;n;ng;ny;r;w;y;[t:n];[p:m];[k:ng];[s:ny]) + (-i;-kan)
83345.3,x,,<mewilayah> + -i,bentukan,[28] [S] -i + (<all>)
,,,,,
83346,k,0,mewiraswastakan,dasar,
83346.1,v,,[meng-:me-] + <wiraswasta> + -kan,bentukan,[1] meng- + (l;m;n;ng;ny;r;w;y;[t:n];[p:m];[k:ng];[s:ny]) + (-i;-kan)
83346.2,x,,[meng-:me-] + <wiraswastakan>,bentukan,[1] meng- + (l;m;n;ng;ny;r;w;y;[t:n];[p:m];[k:ng];[s:ny]) + (-i;-kan)
83346.3,x,,<mewiraswasta> + -kan,bentukan,[29] [S] -kan + (<all>)
83346.4,x,,<mewiraswastak> + -an,bentukan,[38] [S] -an + (<all>)
,,,,,
83347,k,0,mewiridkan,dasar,
83347.1,v,,[meng-:me-] + <wirid> + -kan,bentukan,[1] meng- + (l;m;n;ng;ny;r;w;y;[t:n];[p:m];[k:ng];[s:ny]) + (-i;-kan)
83347.2,x,,[meng-:me-] + <wiridkan>,bentukan,[1] meng- + (l;m;n;ng;ny;r;w;y;[t:n];[p:m];[k:ng];[s:ny]) + (-i;-kan)
83347.3,x,,<mewirid> + -kan,bentukan,[29] [S] -kan + (<all>)
83347.4,x,,<mewiridk> + -an,bentukan,[38] [S] -an + (<all>)
,,,,,
83348,k,0,mewiru,dasar,
83348.1,v,,[meng-:me-] + <wiru>,bentukan,[1] meng- + (l;m;n;ng;ny;r;w;y;[t:n];[p:m];[k:ng];[s:ny]) + (-i;-kan)
,,,,,
83349,k,0,mewismakan,dasar,
83349.1,v,,[meng-:me-] + <wisma> + -kan,bentukan,[1] meng- + (l;m;n;ng;ny;r;w;y;[t:n];[p:m];[k:ng];[s:ny]) + (-i;-kan)
83349.2,x,,[meng-:me-] + <wismakan>,bentukan,[1] meng- + (l;m;n;ng;ny;r;w;y;[t:n];[p:m];[k:ng];[s:ny]) + (-i;-kan)
83349.3,x,,<mewisma> + -kan,bentukan,[29] [S] -kan + (<all>)
83349.4,x,,<mewismak> + -an,bentukan,[38] [S] -an + (<all>)
,,,,,
83350,k,0,mewisuda,dasar,
83350.1,v,,[meng-:me-] + <wisuda>,bentukan,[1] meng- + (l;m;n;ng;ny;r;w;y;[t:n];[p:m];[k:ng];[s:ny]) + (-i;-kan)
,,,,,
83351,k,0,mewujud,dasar,
83351.1,v,,[meng-:me-] + <wujud>,bentukan,[1] meng- + (l;m;n;ng;ny;r;w;y;[t:n];[p:m];[k:ng];[s:ny]) + (-i;-kan)
,,,,,
83352,k,0,mewujudkan,dasar,
83352.1,v,,[meng-:me-] + <wujud> + -kan,bentukan,[1] meng- + (l;m;n;ng;ny;r;w;y;[t:n];[p:m];[k:ng];[s:ny]) + (-i;-kan)
83352.2,x,,[meng-:me-] + <wujudkan>,bentukan,[1] meng- + (l;m;n;ng;ny;r;w;y;[t:n];[p:m];[k:ng];[s:ny]) + (-i;-kan)
83352.3,x,,<mewujud> + -kan,bentukan,[29] [S] -kan + (<all>)
83352.4,x,,<mewujudk> + -an,bentukan,[38] [S] -an + (<all>)
,,,,,
83353,k,0,meyach,dasar,
83353.1,x,,[meng-:me-] + <yach>,bentukan,[1] meng- + (l;m;n;ng;ny;r;w;y;[t:n];[p:m];[k:ng];[s:ny]) + (-i;-kan)
,,,,,
83354,k,0,meyah,dasar,
83354.1,x,,[meng-:me-] + <yah>,bentukan,[1] meng- + (l;m;n;ng;ny;r;w;y;[t:n];[p:m];[k:ng];[s:ny]) + (-i;-kan)
,,,,,
83355,k,0,meyak,dasar,
83355.1,x,,[meng-:me-] + <yak>,bentukan,[1] meng- + (l;m;n;ng;ny;r;w;y;[t:n];[p:m];[k:ng];[s:ny]) + (-i;-kan)
,,,,,
83356,k,0,meyakin-yakini,dasar,
83356.1,v,,[meng-:me-] + <yakin> [-] <r> + -i,bentukan,[1] meng- + (l;m;n;ng;ny;r;w;y;[t:n];[p:m];[k:ng];[s:ny]) + (-i;-kan) => [25] [RD] meng-|
,,,,,
83357,k,0,meyakini,dasar,
83357.1,v,,[meng-:me-] + <yakin> + -i,bentukan,[1] meng- + (l;m;n;ng;ny;r;w;y;[t:n];[p:m];[k:ng];[s:ny]) + (-i;-kan)
83357.2,x,,[meng-:me-] + <yakini>,bentukan,[1] meng- + (l;m;n;ng;ny;r;w;y;[t:n];[p:m];[k:ng];[s:ny]) + (-i;-kan)
83357.3,x,,<meyakin> + -i,bentukan,[28] [S] -i + (<all>)
,,,,,
83358,k,0,meyakinkan,dasar,
83358.1,v,,[meng-:me-] + <yakin> + -kan,bentukan,[1] meng- + (l;m;n;ng;ny;r;w;y;[t:n];[p:m];[k:ng];[s:ny]) + (-i;-kan)
83358.2,x,,[meng-:me-] + <yakinkan>,bentukan,[1] meng- + (l;m;n;ng;ny;r;w;y;[t:n];[p:m];[k:ng];[s:ny]) + (-i;-kan)
83358.3,x,,<meyakin> + -kan,bentukan,[29] [S] -kan + (<all>)
83358.4,x,,<meyakink> + -an,bentukan,[38] [S] -an + (<all>)
,,,,,
83359,k,0,mezanin,dasar,
,,,,,
83360,k,0,mezbah,dasar,
,,,,,
83361,k,0,mezosopran,dasar,
83361.1,x,,<mezosopr> + -an,bentukan,[38] [S] -an + (<all>)
,,,,,
83362,k,0,mflops,dasar,
,,,,,
83363,k,0,mi,dasar,
83363.1,x,,<m> + -i,bentukan,[28] [S] -i + (<all>)
,,,,,
83364,k,0,mi aceh,dasar,
,,,,,
83365,k,0,mi ayam,dasar,
,,,,,
83366,k,0,mi bakso,dasar,
,,,,,
83367,k,0,mi celor,dasar,
,,,,,
83368,k,0,mi dadak,dasar,
,,,,,
83369,k,0,mi gelosor,dasar,
,,,,,
83370,k,0,mi goreng,dasar,
,,,,,
83371,k,0,mi instan,dasar,
83371.1,x,,<mi inst> + -an,bentukan,[38] [S] -an + (<all>)
,,,,,
83372,k,0,mi juhi,dasar,
83372.1,x,,<mi juh> + -i,bentukan,[28] [S] -i + (<all>)
,,,,,
83373,k,0,mi kocok,dasar,
,,,,,
83374,k,0,mi lidi,dasar,
83374.1,x,,<mi lid> + -i,bentukan,[28] [S] -i + (<all>)
,,,,,
83375,k,0,mi pangsit,dasar,
,,,,,
83376,k,0,mi panjang umur,dasar,
,,,,,
83377,k,0,mi tek-tek,dasar,
,,,,,
83378,k,0,mi telur,dasar,
,,,,,
83379,k,0,mi'raj,dasar,
,,,,,
83380,k,0,miak,dasar,
,,,,,
83381,k,0,mialgia,dasar,
,,,,,
83382,k,0,mian banggai,dasar,
83382.1,x,,<mian bangga> + -i,bentukan,[28] [S] -i + (<all>)
,,,,,
83383,k,0,mian sea-sea,dasar,
,,,,,
83384,k,0,miana,dasar,
,,,,,
83385,k,0,miang,dasar,
,,,,,
83386,k,0,miang gatal,dasar,
,,,,,
83387,k,0,miang jelatang,dasar,
,,,,,
83388,k,0,miang kalam,dasar,
,,,,,
83389,k,0,mianserin,dasar,
,,,,,
83390,k,0,miap,dasar,
,,,,,
83391,k,0,miasma,dasar,
,,,,,
83392,k,0,miastenia gravis,dasar,
83392.1,x,,<miastenia gravi> + [-is:-s],bentukan,[177] [S] -is + (i)
83392.2,x,,<miastenia grav> + -is,bentukan,[178] [S] -is + (<others>)
,,,,,
83393,k,0,miastenik,dasar,
,,,,,
83394,k,0,micin,dasar,
,,,,,
83395,k,0,midar,dasar,
,,,,,
83396,k,0,midi,dasar,
83396.1,x,,<mid> + -i,bentukan,[28] [S] -i + (<all>)
,,,,,
83397,k,0,midik,dasar,
,,,,,
83398,k,0,midodareni,dasar,
83398.1,x,,<midodaren> + -i,bentukan,[28] [S] -i + (<all>)
,,,,,
83399,k,0,mie,dasar,
,,,,,
83400,k,0,mielin,dasar,
,,,,,
83401,k,0,mielinasi,dasar,
83401.1,x,,<mielinas> + -i,bentukan,[28] [S] -i + (<all>)
,,,,,
83402,k,0,mielinisasi,dasar,
83402.1,x,,<mielinisas> + -i,bentukan,[28] [S] -i + (<all>)
83402.2,x,,<mielini> + [-isasi:-sasi],bentukan,[166] [S] -isasi + (i)
83402.3,x,,<mielinis> + [-isasi:-asi],bentukan,[167] [S] -isasi + (is)
83402.4,x,,<mielin> + -isasi,bentukan,[169] [S] -isasi + (<others>)
,,,,,
83403,k,0,mieloma,dasar,
,,,,,
83404,k,0,mieloma ganda,dasar,
83404.1,x,,<mieloma ga> + [-anda:-nda],bentukan,[183] [S] -anda + (i;u;a;[k:])
83404.2,x,,<mieloma gan> + [-anda:-da],bentukan,[184] [S] -anda + (an)
83404.3,x,,<mieloma g> + -anda,bentukan,[185] [S] -anda + (<others>)
,,,,,
83405,k,0,miere,dasar,
,,,,,
83406,k,0,migmatit,dasar,
,,,,,
83407,k,0,migrain,dasar,
,,,,,
83408,k,0,migran,dasar,
83408.1,x,,<migr> + -an,bentukan,[38] [S] -an + (<all>)
,,,,,
83409,k,0,migran musiman,dasar,
83409.1,x,,<migran musim> + -an,bentukan,[38] [S] -an + (<all>)
,,,,,
83410,k,0,migran seumur hidup,dasar,
,,,,,
83411,k,0,migrasi,dasar,
83411.1,x,,<migras> + -i,bentukan,[28] [S] -i + (<all>)
,,,,,
83412,k,0,migrasi antardesa,dasar,
,,,,,
83413,k,0,migrasi antarkota,dasar,
,,,,,
83414,k,0,migrasi antarsensus,dasar,
,,,,,
83415,k,0,migrasi berantai,dasar,
83415.1,x,,<migrasi beranta> + -i,bentukan,[28] [S] -i + (<all>)
,,,,,
83416,k,0,migrasi bermusim,dasar,
,,,,,
83417,k,0,migrasi desa kota,dasar,
,,,,,
83418,k,0,migrasi ekstern,dasar,
,,,,,
83419,k,0,migrasi intern,dasar,
,,,,,
83420,k,0,migrasi kolektif,dasar,
,,,,,
83421,k,0,migrasi kota desa,dasar,
,,,,,
83422,k,0,migrasi paksaan,dasar,
83422.1,x,,<migrasi paksa> + -an,bentukan,[38] [S] -an + (<all>)
,,,,,
83423,k,0,migren,dasar,
,,,,,
83424,k,0,migrula,dasar,
,,,,,
83425,k,0,mihrab,dasar,
,,,,,
83426,k,0,mihun,dasar,
,,,,,
83427,k,0,miiofili,dasar,
83427.1,x,,<miiofil> + -i,bentukan,[28] [S] -i + (<all>)
83427.2,x,,<miio> + -fili,bentukan,[193] [S] -fili + (<all>)
,,,,,
83428,k,0,mijil,dasar,
,,,,,
83429,k,0,miju,dasar,
,,,,,
83430,k,0,miju-miju,dasar,
83430.1,v,,<miju> [-] <r>,bentukan,[23] [RD] |
,,,,,
83431,k,0,mik,dasar,
,,,,,
83432,k,0,mika,dasar,
,,,,,
83433,k,0,mika cokelat,dasar,
,,,,,
83434,k,0,mikail,dasar,
,,,,,
83435,k,0,mikat,dasar,
,,,,,
83436,k,0,mikofobia,dasar,
83436.1,x,,<miko> + -fobia,bentukan,[107] [S] -fobia + (<all>)
,,,,,
83437,k,0,mikologi,dasar,
83437.1,x,,<mikolog> + -i,bentukan,[28] [S] -i + (<all>)
83437.2,x,,<miko> + -logi,bentukan,[190] [S] -logi + (<all>)
,,,,,
83438,k,0,mikologiwan,dasar,
83438.1,x,,<mikologiw> + -an,bentukan,[38] [S] -an + (<all>)
83438.2,v,,<mikologi> + -wan,bentukan,[180] [S] -wan + (<others>)
,,,,,
83439,k,0,mikoprotein,dasar,
,,,,,
83440,k,0,mikoriza,dasar,
,,,,,
83441,k,0,mikosis,dasar,
83441.1,x,,<mikosi> + [-is:-s],bentukan,[177] [S] -is + (i)
83441.2,x,,<mikos> + -is,bentukan,[178] [S] -is + (<others>)
,,,,,
83442,k,0,mikotoksin,dasar,
,,,,,
83443,k,0,mikraj,dasar,
,,,,,
83444,k,0,mikro,dasar,
,,,,,
83445,k,0,mikroalga,dasar,
,,,,,
83446,k,0,mikroampere,dasar,
,,,,,
83447,k,0,mikroanalisis,dasar,
83447.1,x,,<mikroanalisi> + [-is:-s],bentukan,[177] [S] -is + (i)
83447.2,x,,<mikroanalis> + -is,bentukan,[178] [S] -is + (<others>)
,,,,,
83448,k,0,mikroanatomi,dasar,
83448.1,x,,<mikroanatom> + -i,bentukan,[28] [S] -i + (<all>)
83448.2,x,,<mikroana> + -tomi,bentukan,[200] [S] -tomi + (<all>)
,,,,,
83449,k,0,mikroangiopati,dasar,
83449.1,x,,<mikroangiopat> + -i,bentukan,[28] [S] -i + (<all>)
,,,,,
83450,k,0,mikrob,dasar,
,,,,,
83451,k,0,mikroba,dasar,
,,,,,
83452,k,0,mikrobar,dasar,
,,,,,
83453,k,0,mikrobarograf,dasar,
83453.1,x,,<mikrobaro> + -graf,bentukan,[191] [S] -graf + (<all>)
,,,,,
83454,k,0,mikrobarogram,dasar,
,,,,,
83455,k,0,mikrobarovariograf,dasar,
83455.1,x,,<mikrobarovario> + -graf,bentukan,[191] [S] -graf + (<all>)
,,,,,
83456,k,0,mikrobentuk,dasar,
,,,,,
83457,k,0,mikrobial,dasar,
,,,,,
83458,k,0,mikrobiologi,dasar,
83458.1,x,,<mikrobiolog> + -i,bentukan,[28] [S] -i + (<all>)
83458.2,x,,<mikrobio> + -logi,bentukan,[190] [S] -logi + (<all>)
,,,,,
83459,k,0,mikrobiologis,dasar,
83459.1,x,,<mikrobiologi> + [-is:-s],bentukan,[177] [S] -is + (i)
83459.2,x,,<mikrobiolog> + -is,bentukan,[178] [S] -is + (<others>)
83459.3,x,,<mikrobio> + -logi+-s,bentukan,[194] [MS] -logi+-s + (<all>)
,,,,,
83460,k,0,mikrobiom,dasar,
,,,,,
83461,k,0,mikrobisida,dasar,
,,,,,
83462,k,0,mikroblog,dasar,
,,,,,
83463,k,0,mikrobus,dasar,
,,,,,
83464,k,0,mikrocip,dasar,
,,,,,
83465,k,0,mikroekonomi,dasar,
83465.1,x,,<mikroekonom> + -i,bentukan,[28] [S] -i + (<all>)
,,,,,
83466,k,0,mikroelektronika,dasar,
,,,,,
83467,k,0,mikroelemen,dasar,
,,,,,
83468,k,0,mikrofag,dasar,
,,,,,
83469,k,0,mikrofarad,dasar,
,,,,,
83470,k,0,mikrofiber,dasar,
,,,,,
83471,k,0,mikrofibril,dasar,
,,,,,
83472,k,0,mikrofil,dasar,
,,,,,
83473,k,0,mikrofilamen,dasar,
,,,,,
83474,k,0,mikrofili,dasar,
83474.1,x,,<mikrofil> + -i,bentukan,[28] [S] -i + (<all>)
83474.2,x,,<mikro> + -fili,bentukan,[193] [S] -fili + (<all>)
,,,,,
83475,k,0,mikrofilm,dasar,
,,,,,
83476,k,0,mikrofilm keluaran komputer,dasar,
,,,,,
83477,k,0,mikrofiotometer,dasar,
83477.1,x,,<mikrofioto> + -meter,bentukan,[189] [S] -meter + (<all>)
,,,,,
83478,k,0,mikrofis,dasar,
83478.1,x,,<mikrofi> + [-is:-s],bentukan,[177] [S] -is + (i)
83478.2,x,,<mikrof> + -is,bentukan,[178] [S] -is + (<others>)
,,,,,
83479,k,0,mikrofita,dasar,
,,,,,
83480,k,0,mikroflora,dasar,
,,,,,
83481,k,0,mikrofobia,dasar,
83481.1,x,,<mikro> + -fobia,bentukan,[107] [S] -fobia + (<all>)
,,,,,
83482,k,0,mikrofon,dasar,
,,,,,
83483,k,0,mikrofon dinamik,dasar,
,,,,,
83484,k,0,mikrofon karbon,dasar,
,,,,,
83485,k,0,mikrofon kristal,dasar,
,,,,,
83486,k,0,mikrofon laser,dasar,
,,,,,
83487,k,0,mikrofon nirkabel,dasar,
,,,,,
83488,k,0,mikrofon pita,dasar,
,,,,,
83489,k,0,mikrofosil,dasar,
,,,,,
83490,k,0,mikrofotografi,dasar,
83490.1,x,,<mikrofotograf> + -i,bentukan,[28] [S] -i + (<all>)
,,,,,
83491,k,0,mikrogasometer,dasar,
83491.1,x,,<mikrogaso> + -meter,bentukan,[189] [S] -meter + (<all>)
,,,,,
83492,k,0,mikrogelombang,dasar,
,,,,,
83493,k,0,mikrograf,dasar,
83493.1,x,,<mikro> + -graf,bentukan,[191] [S] -graf + (<all>)
,,,,,
83494,k,0,mikrografika,dasar,
,,,,,
83495,k,0,mikrogram,dasar,
,,,,,
83496,k,0,mikrogravitasi,dasar,
83496.1,x,,<mikrogravitas> + -i,bentukan,[28] [S] -i + (<all>)
,,,,,
83497,k,0,mikrohabitat,dasar,
,,,,,
83498,k,0,mikrohistori,dasar,
83498.1,x,,<mikrohistor> + -i,bentukan,[28] [S] -i + (<all>)
,,,,,
83499,k,0,mikrointerferometer,dasar,
83499.1,x,,<mikrointerfero> + -meter,bentukan,[189] [S] -meter + (<all>)
,,,,,
83500,k,0,mikrokapsul,dasar,
,,,,,
83501,k,0,mikrokimia,dasar,
,,,,,
83502,k,0,mikroklimat,dasar,
,,,,,
83503,k,0,mikroklimatologi,dasar,
83503.1,x,,<mikroklimatolog> + -i,bentukan,[28] [S] -i + (<all>)
83503.2,x,,<mikroklimato> + -logi,bentukan,[190] [S] -logi + (<all>)
,,,,,
83504,k,0,mikrokode,dasar,
,,,,,
83505,k,0,mikrokomputer,dasar,
,,,,,
83506,k,0,mikrokontroler,dasar,
,,,,,
83507,k,0,mikrokopi,dasar,
83507.1,x,,<mikrokop> + -i,bentukan,[28] [S] -i + (<all>)
,,,,,
83508,k,0,mikrokosmos,dasar,
,,,,,
83509,k,0,mikrokristal,dasar,
,,,,,
83510,k,0,mikrokristalin,dasar,
,,,,,
83511,k,0,mikrolet,dasar,
,,,,,
83512,k,0,mikrolinguistik,dasar,
,,,,,
83513,k,0,mikrolit,dasar,
,,,,,
83514,k,0,mikroliter,dasar,
,,,,,
83515,k,0,mikromanajemen,dasar,
,,,,,
83516,k,0,mikromanipulasi,dasar,
83516.1,x,,<mikromanipulas> + -i,bentukan,[28] [S] -i + (<all>)
,,,,,
83517,k,0,mikromer,dasar,
,,,,,
83518,k,0,mikrometeorologi,dasar,
83518.1,x,,<mikrometeorolog> + -i,bentukan,[28] [S] -i + (<all>)
83518.2,x,,<mikrometeoro> + -logi,bentukan,[190] [S] -logi + (<all>)
,,,,,
83519,k,0,mikrometer,dasar,
83519.1,x,,<mikro> + -meter,bentukan,[189] [S] -meter + (<all>)
,,,,,
83520,k,0,mikrometri,dasar,
83520.1,x,,<mikrometr> + -i,bentukan,[28] [S] -i + (<all>)
,,,,,
83521,k,0,mikron,dasar,
,,,,,
83522,k,0,mikronesia,dasar,
,,,,,
83523,k,0,mikronutrien,dasar,
,,,,,
83524,k,0,mikroohm,dasar,
,,,,,
83525,k,0,mikroorganisme,dasar,
83525.1,x,,<mikroorgan> + -isme,bentukan,[89] [S] -isme + (<all>)
,,,,,
83526,k,0,mikropalentologi,dasar,
83526.1,x,,<mikropalentolog> + -i,bentukan,[28] [S] -i + (<all>)
83526.2,x,,<mikropalento> + -logi,bentukan,[190] [S] -logi + (<all>)
,,,,,
83527,k,0,mikropil,dasar,
,,,,,
83528,k,0,mikroplastik,dasar,
,,,,,
83529,k,0,mikropluviometer,dasar,
83529.1,x,,<mikropluvio> + -meter,bentukan,[189] [S] -meter + (<all>)
,,,,,
83530,k,0,mikroposis,dasar,
83530.1,x,,<mikroposi> + [-is:-s],bentukan,[177] [S] -is + (i)
83530.2,x,,<mikropos> + -is,bentukan,[178] [S] -is + (<others>)
,,,,,
83531,k,0,mikroprosesor,dasar,
,,,,,
83532,k,0,mikroprotein,dasar,
,,,,,
83533,k,0,mikropsia,dasar,
,,,,,
83534,k,0,mikroreproduksi,dasar,
83534.1,x,,<mikroreproduks> + -i,bentukan,[28] [S] -i + (<all>)
,,,,,
83535,k,0,mikrosefalia,dasar,
,,,,,
83536,k,0,mikrosegregasi,dasar,
83536.1,x,,<mikrosegregas> + -i,bentukan,[28] [S] -i + (<all>)
,,,,,
83537,k,0,mikrosekon,dasar,
,,,,,
83538,k,0,mikroser,dasar,
,,,,,
83539,k,0,mikrosiklus,dasar,
,,,,,
83540,k,0,mikrosirkuit,dasar,
,,,,,
83541,k,0,mikrosirkuit hibrid,dasar,
,,,,,
83542,k,0,mikroskop,dasar,
,,,,,
83543,k,0,mikroskop elektron,dasar,
,,,,,
83544,k,0,mikroskopik,dasar,
,,,,,
83545,k,0,mikroskopis,dasar,
83545.1,x,,<mikroskopi> + [-is:-s],bentukan,[177] [S] -is + (i)
83545.2,x,,<mikroskop> + -is,bentukan,[178] [S] -is + (<others>)
,,,,,
83546,k,0,mikrosom,dasar,
,,,,,
83547,k,0,mikrospora,dasar,
,,,,,
83548,k,0,mikrosporangium,dasar,
,,,,,
83549,k,0,mikrosporofil,dasar,
,,,,,
83550,k,0,mikrotom,dasar,
,,,,,
83551,k,0,mikrountai,dasar,
83551.1,x,,<mikrounta> + -i,bentukan,[28] [S] -i + (<all>)
,,,,,
83552,k,0,mikrovilus,dasar,
,,,,,
83553,k,0,mikrowatt,dasar,
,,,,,
83554,k,0,mikser,dasar,
,,,,,
83555,k,0,miksoedema,dasar,
,,,,,
83556,k,0,miksofobia,dasar,
83556.1,x,,<mikso> + -fobia,bentukan,[107] [S] -fobia + (<all>)
,,,,,
83557,k,0,miksosantin,dasar,
,,,,,
83558,k,0,mil,dasar,
,,,,,
83559,k,0,mil laut,dasar,
,,,,,
83560,k,0,milad,dasar,
,,,,,
83561,k,0,milenial,dasar,
,,,,,
83562,k,0,milenium,dasar,
,,,,,
83563,k,0,miliampere,dasar,
,,,,,
83564,k,0,miliar,dasar,
,,,,,
83565,k,0,miliaran,dasar,
83565.1,v,,<miliar> + -an,bentukan,[38] [S] -an + (<all>)
,,,,,
83566,k,0,miliarder,dasar,
,,,,,
83567,k,0,miliaria,dasar,
,,,,,
83568,k,0,miliarwan,dasar,
83568.1,x,,<miliarw> + -an,bentukan,[38] [S] -an + (<all>)
83568.2,v,,<miliar> + -wan,bentukan,[180] [S] -wan + (<others>)
,,,,,
83569,k,0,milibar,dasar,
,,,,,
83570,k,0,milieu,dasar,
,,,,,
83571,k,0,miligram,dasar,
,,,,,
83572,k,0,milik,dasar,
,,,,,
83573,k,0,milik bersama,dasar,
,,,,,
83574,k,0,milik pribadi,dasar,
83574.1,x,,<milik pribad> + -i,bentukan,[28] [S] -i + (<all>)
,,,,,
83575,k,0,mililiter,dasar,
,,,,,
83576,k,0,milimeter,dasar,
83576.1,v,,<mili> + -meter,bentukan,[189] [S] -meter + (<all>)
,,,,,
83577,k,0,milimikron,dasar,
,,,,,
83578,k,0,milimol,dasar,
,,,,,
83579,k,0,milioner,dasar,
,,,,,
83580,k,0,milir,dasar,
,,,,,
83581,k,0,milis,dasar,
83581.1,x,,<mili> + [-is:-s],bentukan,[177] [S] -is + (i)
83581.2,x,,<mil> + -is,bentukan,[178] [S] -is + (<others>)
,,,,,
83582,k,0,milisetara,dasar,
,,,,,
83583,k,0,milisi,dasar,
83583.1,x,,<milis> + -i,bentukan,[28] [S] -i + (<all>)
,,,,,
83584,k,0,militan,dasar,
83584.1,x,,<milit> + -an,bentukan,[38] [S] -an + (<all>)
,,,,,
83585,k,0,militansi,dasar,
83585.1,x,,<militans> + -i,bentukan,[28] [S] -i + (<all>)
,,,,,
83586,k,0,militer,dasar,
,,,,,
83587,k,0,militer intermiran,dasar,
83587.1,x,,<militer intermir> + -an,bentukan,[38] [S] -an + (<all>)
,,,,,
83588,d,0,militerisasi,dasar,
83588.1,x,,<militerisas> + -i,bentukan,[28] [S] -i + (<all>)
83588.2,x,,<militeri> + [-isasi:-sasi],bentukan,[166] [S] -isasi + (i)
83588.3,x,,<militeris> + [-isasi:-asi],bentukan,[167] [S] -isasi + (is)
83588.4,v,,<militer> + -isasi,bentukan,[169] [S] -isasi + (<others>)
,,,,,
83589,k,0,militerisme,dasar,
83589.1,v,,<militer> + -isme,bentukan,[89] [S] -isme + (<all>)
,,,,,
83590,k,0,militeristik,dasar,
,,,,,
83591,k,0,militeristis,dasar,
83591.1,x,,<militeristi> + [-is:-s],bentukan,[177] [S] -is + (i)
83591.2,x,,<militerist> + -is,bentukan,[178] [S] -is + (<others>)
,,,,,
83592,k,0,miliun,dasar,
,,,,,
83593,k,0,miliuner,dasar,
,,,,,
83594,k,0,milivolt,dasar,
,,,,,
83595,k,0,milu,dasar,
,,,,,
83596,k,0,milu siram,dasar,
,,,,,
83597,k,0,milyar,dasar,
,,,,,
83598,k,0,mim,dasar,
,,,,,
83599,k,0,mimas,dasar,
,,,,,
83600,k,0,mimbar,dasar,
,,,,,
83601,k,0,mimbar tilawah,dasar,
,,,,,
83602,k,0,mimeograf,dasar,
83602.1,x,,<mimeo> + -graf,bentukan,[191] [S] -graf + (<all>)
,,,,,
83603,k,0,mimesis,dasar,
83603.1,x,,<mimesi> + [-is:-s],bentukan,[177] [S] -is + (i)
83603.2,x,,<mimes> + -is,bentukan,[178] [S] -is + (<others>)
,,,,,
83604,k,0,mimetik,dasar,
,,,,,
83605,k,0,mimi,dasar,
83605.1,x,,<mim> + -i,bentukan,[28] [S] -i + (<all>)
,,,,,
83606,k,0,mimik,dasar,
,,,,,
83607,k,0,mimika,dasar,
,,,,,
83608,k,0,mimikri,dasar,
83608.1,x,,<mimikr> + -i,bentukan,[28] [S] -i + (<all>)
,,,,,
83609,k,0,mimis,dasar,
83609.1,x,,<mimi> + [-is:-s],bentukan,[177] [S] -is + (i)
83609.2,x,,<mim> + -is,bentukan,[178] [S] -is + (<others>)
,,,,,
83610,k,0,mimisan,dasar,
83610.1,x,,<mimis> + -an,bentukan,[38] [S] -an + (<all>)
,,,,,
83611,k,0,mimosa,dasar,
,,,,,
83612,k,0,mimpi,dasar,
83612.1,x,,<mimp> + -i,bentukan,[28] [S] -i + (<all>)
,,,,,
83613,k,0,mimpi basah,dasar,
,,,,,
83614,k,0,mimpian,dasar,
83614.1,v,,<mimpi> + -an,bentukan,[38] [S] -an + (<all>)
,,,,,
83615,k,0,min,dasar,
,,,,,
83616,k,0,mina,dasar,
,,,,,
83617,k,0,mina padi,dasar,
83617.1,x,,<mina pad> + -i,bentukan,[28] [S] -i + (<all>)
,,,,,
83618,k,0,minahasa,dasar,
,,,,,
83619,k,0,minahasa tonsea,dasar,
,,,,,
83620,k,0,minang kabau,dasar,
,,,,,
83621,k,0,minangkabau,dasar,
,,,,,
83622,k,0,minantu,dasar,
,,,,,
83623,k,0,minaret,dasar,
,,,,,
83624,k,0,minat,dasar,
,,,,,
83625,k,0,minat cinta,dasar,
,,,,,
83626,k,0,minat manusiawi,dasar,
83626.1,x,,<minat manusiaw> + -i,bentukan,[28] [S] -i + (<all>)
83626.2,x,,<minat manusia> + -wi,bentukan,[174] [S] -wi + (<others>)
,,,,,
83627,k,0,minatarian,dasar,
83627.1,x,,<minatari> + -an,bentukan,[38] [S] -an + (<all>)
,,,,,
83628,k,0,minatu,dasar,
,,,,,
83629,k,0,minda,dasar,
83629.1,x,,<mi> + [-anda:-nda],bentukan,[183] [S] -anda + (i;u;a;[k:])
,,,,,
83630,k,0,minder,dasar,
,,,,,
83631,k,0,mindi,dasar,
83631.1,x,,<mind> + -i,bentukan,[28] [S] -i + (<all>)
,,,,,
83632,k,0,mindit,dasar,
,,,,,
83633,k,0,mindo,dasar,
,,,,,
83634,k,0,mindoan,dasar,
83634.1,x,,<mindo> + -an,bentukan,[38] [S] -an + (<all>)
,,,,,
83635,k,0,mindring,dasar,
,,,,,
83636,k,0,mindringan,dasar,
83636.1,v,,<mindring> + -an,bentukan,[38] [S] -an + (<all>)
,,,,,
83637,k,0,mindu lahin,dasar,
,,,,,
83638,k,0,mineral,dasar,
,,,,,
83639,k,0,mineral bahan bakar,dasar,
,,,,,
83640,k,0,mineral besi,dasar,
83640.1,x,,<mineral bes> + -i,bentukan,[28] [S] -i + (<all>)
,,,,,
83641,k,0,mineral bijih,dasar,
,,,,,
83642,k,0,mineral ikutan,dasar,
83642.1,x,,<mineral ikut> + -an,bentukan,[38] [S] -an + (<all>)
,,,,,
83643,k,0,mineral isomorfik,dasar,
,,,,,
83644,k,0,mineral kelumit,dasar,
,,,,,
83645,k,0,mineral liat,dasar,
,,,,,
83646,k,0,mineral makro,dasar,
,,,,,
83647,k,0,mineral primer,dasar,
,,,,,
83648,k,0,mineral ringan,dasar,
83648.1,x,,<mineral ring> + -an,bentukan,[38] [S] -an + (<all>)
,,,,,
83649,k,0,mineral terkelat,dasar,
,,,,,
83650,k,0,mineral ultrakelumit,dasar,
,,,,,
83651,k,0,mineral urat,dasar,
,,,,,
83652,k,0,mineralisasi,dasar,
83652.1,x,,<mineralisas> + -i,bentukan,[28] [S] -i + (<all>)
83652.2,x,,<minerali> + [-isasi:-sasi],bentukan,[166] [S] -isasi + (i)
83652.3,x,,<mineralis> + [-isasi:-asi],bentukan,[167] [S] -isasi + (is)
83652.4,v,,<mineral> + -isasi,bentukan,[169] [S] -isasi + (<others>)
,,,,,
83653,k,0,mineralogi,dasar,
83653.1,x,,<mineralog> + -i,bentukan,[28] [S] -i + (<all>)
83653.2,x,,<minera> + -logi,bentukan,[190] [S] -logi + (<all>)
,,,,,
83654,k,0,mineralogis,dasar,
83654.1,x,,<mineralogi> + [-is:-s],bentukan,[177] [S] -is + (i)
83654.2,x,,<mineralog> + -is,bentukan,[178] [S] -is + (<others>)
83654.3,x,,<minera> + -logi+-s,bentukan,[194] [MS] -logi+-s + (<all>)
,,,,,
83655,k,0,minggat,dasar,
,,,,,
83656,k,0,minggir,dasar,
,,,,,
83657,k,0,minggu,dasar,
,,,,,
83658,k,0,minggu depan,dasar,
83658.1,x,,<minggu dep> + -an,bentukan,[38] [S] -an + (<all>)
,,,,,
83659,k,0,minggu palma,dasar,
,,,,,
83660,k,0,mingguan,dasar,
83660.1,v,,<minggu> + -an,bentukan,[38] [S] -an + (<all>)
,,,,,
83661,k,0,minhaj,dasar,
,,,,,
83662,k,0,mini,dasar,
83662.1,x,,<min> + -i,bentukan,[28] [S] -i + (<all>)
,,,,,
83663,k,0,miniatur,dasar,
,,,,,
83664,k,0,minibar,dasar,
,,,,,
83665,k,0,minibasket,dasar,
,,,,,
83666,k,0,minibus,dasar,
,,,,,
83667,k,0,minikar,dasar,
,,,,,
83668,k,0,minikata,dasar,
,,,,,
83669,k,0,minikomputer,dasar,
,,,,,
83670,k,0,minim,dasar,
,,,,,
83671,k,0,minimal,dasar,
,,,,,
83672,k,0,minimalis,dasar,
83672.1,x,,<minimali> + [-is:-s],bentukan,[177] [S] -is + (i)
83672.2,v,,<minimal> + -is,bentukan,[178] [S] -is + (<others>)
,,,,,
83673,k,0,minimalisasi,dasar,
83673.1,x,,<minimalisas> + -i,bentukan,[28] [S] -i + (<all>)
83673.2,x,,<minimali> + [-isasi:-sasi],bentukan,[166] [S] -isasi + (i)
83673.3,x,,<minimalis> + [-isasi:-asi],bentukan,[167] [S] -isasi + (is)
83673.4,v,,<minimal> + -isasi,bentukan,[169] [S] -isasi + (<others>)
,,,,,
83674,k,0,minimalisir,dasar,
,,,,,
83675,k,0,minimarket,dasar,
,,,,,
83676,k,0,minimum,dasar,
,,,,,
83677,k,0,miniset,dasar,
,,,,,
83678,k,0,ministrok,dasar,
,,,,,
83679,k,0,miniswalayan,dasar,
83679.1,x,,<miniswalay> + -an,bentukan,[38] [S] -an + (<all>)
,,,,,
83680,k,0,minium,dasar,
,,,,,
83681,k,0,minor,dasar,
,,,,,
83682,k,0,minoritas,dasar,
83682.1,x,,<minor> + -itas,bentukan,[205] [S] -itas + (<others>)
,,,,,
83683,k,0,minta,dasar,
,,,,,
83684,k,0,minta aman,dasar,
83684.1,x,,<minta am> + -an,bentukan,[38] [S] -an + (<all>)
,,,,,
83685,k,0,minta ampun,dasar,
,,,,,
83686,k,0,minta berhenti,dasar,
83686.1,x,,<minta berhent> + -i,bentukan,[28] [S] -i + (<all>)
,,,,,
83687,k,0,minta cerai,dasar,
83687.1,x,,<minta cera> + -i,bentukan,[28] [S] -i + (<all>)
,,,,,
83688,k,0,minta diri,dasar,
83688.1,x,,<minta dir> + -i,bentukan,[28] [S] -i + (<all>)
,,,,,
83689,k,0,minta izin,dasar,
,,,,,
83690,k,0,minta jalan,dasar,
83690.1,x,,<minta jal> + -an,bentukan,[38] [S] -an + (<all>)
,,,,,
83691,k,0,minta janji,dasar,
83691.1,x,,<minta janj> + -i,bentukan,[28] [S] -i + (<all>)
,,,,,
83692,k,0,minta kasih,dasar,
,,,,,
83693,k,0,minta korban,dasar,
83693.1,x,,<minta korb> + -an,bentukan,[38] [S] -an + (<all>)
,,,,,
83694,k,0,minta maaf,dasar,
,,,,,
83695,k,0,minta nyawa,dasar,
,,,,,
83696,k,0,minta sara,dasar,
,,,,,
83697,k,0,minta sedekah,dasar,
83697.1,x,,<minta sede> + -kah,bentukan,[30] [FS] -kah + (<all>)
,,,,,
83698,k,0,minta selamat,dasar,
,,,,,
83699,k,0,minta tangan,dasar,
83699.1,x,,<minta tang> + -an,bentukan,[38] [S] -an + (<all>)
,,,,,
83700,k,0,minta-minta,dasar,
83700.1,v,,<minta> [-] <r>,bentukan,[23] [RD] |
,,,,,
83701,k,0,mintak,dasar,
,,,,,
83702,k,0,mintakat,dasar,
,,,,,
83703,k,0,mintakat boreal,dasar,
,,,,,
83704,k,0,mintakat iklim,dasar,
,,,,,
83705,k,0,mintakat kering,dasar,
,,,,,
83706,k,0,mintakat lembap,dasar,
,,,,,
83707,k,0,mintakat nyaman,dasar,
83707.1,x,,<mintakat nyam> + -an,bentukan,[38] [S] -an + (<all>)
,,,,,
83708,k,0,mintakat percampuran,dasar,
83708.1,x,,<mintakat percampur> + -an,bentukan,[38] [S] -an + (<all>)
,,,,,
83709,k,0,mintakat suhu,dasar,
,,,,,
83710,k,0,mintakulburuj,dasar,
,,,,,
83711,k,0,minterat,dasar,
,,,,,
83712,k,0,mintuna,dasar,
,,,,,
83713,k,0,minum,dasar,
,,,,,
83714,k,0,minum alkohol lewah,dasar,
,,,,,
83715,k,0,minum ruah,dasar,
,,,,,
83716,v,16,minum-minuman,dasar,
83716.1,v,,<minum> [-] <r> + -an,bentukan,[23] [RD] |
,,,,,
83717,k,1182,minuman,dasar,
83717.1,v,,<minum> + -an,bentukan,[38] [S] -an + (<all>)
,,,,,
83718,k,0,minuman berenergi,dasar,
83718.1,x,,<minuman berenerg> + -i,bentukan,[28] [S] -i + (<all>)
,,,,,
83719,k,0,minuman campur,dasar,
,,,,,
83720,k,0,minuman diet,dasar,
,,,,,
83721,k,0,minuman elektrolit,dasar,
,,,,,
83722,k,0,minuman isotonik,dasar,
,,,,,
83723,k,0,minuman keras,dasar,
,,,,,
83724,k,0,minuman olahraga,dasar,
,,,,,
83725,k,0,minuman ringan,dasar,
83725.1,x,,<minuman ring> + -an,bentukan,[38] [S] -an + (<all>)
,,,,,
83726,k,0,minuman selamat datang,dasar,
,,,,,
83727,k,0,minuman stimulan,dasar,
83727.1,x,,<minuman stimul> + -an,bentukan,[38] [S] -an + (<all>)
,,,,,
83728,v,7,minuman-minuman,dasar,
83728.1,x,,<minuman> [-] <r>,bentukan,[23] [RD] |
83728.2,v,,<minum> + -an [-] <r> + -an,bentukan,[38] [S] -an + (<all>) => [23] [RD] |
,,,,,
83729,k,284,minus,dasar,
,,,,,
83730,v,5,minutasi,dasar,
83730.1,x,,<minutas> + -i,bentukan,[28] [S] -i + (<all>)
,,,,,
83731,k,1989,minyak,dasar,
,,,,,
83732,k,0,minyak adas,dasar,
,,,,,
83733,k,0,minyak adas manis,dasar,
83733.1,x,,<minyak adas mani> + [-is:-s],bentukan,[177] [S] -is + (i)
83733.2,x,,<minyak adas man> + -is,bentukan,[178] [S] -is + (<others>)
,,,,,
83734,k,0,minyak almon,dasar,
,,,,,
83735,k,0,minyak angin,dasar,
,,,,,
83736,k,0,minyak anis,dasar,
83736.1,x,,<minyak ani> + [-is:-s],bentukan,[177] [S] -is + (i)
83736.2,x,,<minyak an> + -is,bentukan,[178] [S] -is + (<others>)
,,,,,
83737,k,0,minyak arak,dasar,
,,,,,
83738,k,0,minyak asiri,dasar,
83738.1,x,,<minyak asir> + -i,bentukan,[28] [S] -i + (<all>)
,,,,,
83739,k,0,minyak avokad,dasar,
,,,,,
83740,k,0,minyak babi,dasar,
83740.1,x,,<minyak bab> + -i,bentukan,[28] [S] -i + (<all>)
,,,,,
83741,k,0,minyak badam,dasar,
,,,,,
83742,k,0,minyak bakar,dasar,
,,,,,
83743,k,0,minyak basah,dasar,
,,,,,
83744,k,0,minyak batu bara,dasar,
,,,,,
83745,k,0,minyak bauan,dasar,
83745.1,x,,<minyak bau> + -an,bentukan,[38] [S] -an + (<all>)
,,,,,
83746,k,0,minyak bayi,dasar,
83746.1,x,,<minyak bay> + -i,bentukan,[28] [S] -i + (<all>)
,,,,,
83747,k,0,minyak bekas,dasar,
,,,,,
83748,k,0,minyak berat,dasar,
,,,,,
83749,k,0,minyak biawak,dasar,
,,,,,
83750,k,0,minyak bijan,dasar,
83750.1,x,,<minyak bij> + -an,bentukan,[38] [S] -an + (<all>)
,,,,,
83751,k,0,minyak biji bunga matahari,dasar,
83751.1,x,,<minyak biji bunga matahar> + -i,bentukan,[28] [S] -i + (<all>)
,,,,,
83752,k,0,minyak biji kapas,dasar,
,,,,,
83753,k,0,minyak bilas,dasar,
,,,,,
83754,k,0,minyak bintang,dasar,
,,,,,
83755,k,0,minyak bubut,dasar,
,,,,,
83756,k,0,minyak bulus,dasar,
,,,,,
83757,k,0,minyak bumi,dasar,
83757.1,x,,<minyak bum> + -i,bentukan,[28] [S] -i + (<all>)
,,,,,
83758,k,0,minyak bunga cengkih,dasar,
,,,,,
83759,k,0,minyak bungker,dasar,
,,,,,
83760,k,0,minyak cat,dasar,
,,,,,
83761,k,0,minyak cenduai,dasar,
83761.1,x,,<minyak cendua> + -i,bentukan,[28] [S] -i + (<all>)
,,,,,
83762,k,0,minyak cengkih,dasar,
,,,,,
83763,k,0,minyak cor,dasar,
,,,,,
83764,k,0,minyak cuci,dasar,
83764.1,x,,<minyak cuc> + -i,bentukan,[28] [S] -i + (<all>)
,,,,,
83765,k,0,minyak dan gas bumi,dasar,
83765.1,x,,<minyak dan gas bum> + -i,bentukan,[28] [S] -i + (<all>)
,,,,,
83766,k,0,minyak di tempat,dasar,
,,,,,
83767,k,0,minyak diesel,dasar,
,,,,,
83768,k,0,minyak duyung,dasar,
,,,,,
83769,k,0,minyak ekuitas,dasar,
83769.1,x,,<minyak eku> + -itas,bentukan,[205] [S] -itas + (<others>)
,,,,,
83770,k,0,minyak esensial,dasar,
,,,,,
83771,k,0,minyak eukaliptus,dasar,
,,,,,
83772,k,0,minyak goreng,dasar,
,,,,,
83773,k,0,minyak goreng curah,dasar,
,,,,,
83774,k,0,minyak hidup,dasar,
,,,,,
83775,k,0,minyak hitam,dasar,
,,,,,
83776,k,0,minyak ikan,dasar,
83776.1,x,,<minyak i> + -kan,bentukan,[29] [S] -kan + (<all>)
83776.2,x,,<minyak ik> + -an,bentukan,[38] [S] -an + (<all>)
,,,,,
83777,k,0,minyak isolasi,dasar,
83777.1,x,,<minyak isolas> + -i,bentukan,[28] [S] -i + (<all>)
,,,,,
83778,k,0,minyak jagung,dasar,
,,,,,
83779,k,0,minyak jarak,dasar,
,,,,,
83780,k,0,minyak jelantah,dasar,
,,,,,
83781,k,0,minyak jernih,dasar,
,,,,,
83782,k,0,minyak jojoba,dasar,
,,,,,
83783,k,0,minyak kakao,dasar,
,,,,,
83784,k,0,minyak kanola,dasar,
,,,,,
83785,k,0,minyak kapur barus,dasar,
,,,,,
83786,k,0,minyak kasren,dasar,
,,,,,
83787,k,0,minyak kasti,dasar,
83787.1,x,,<minyak kast> + -i,bentukan,[28] [S] -i + (<all>)
,,,,,
83788,k,0,minyak kastor,dasar,
,,,,,
83789,k,0,minyak kayu putih,dasar,
,,,,,
83790,k,0,minyak kedelai,dasar,
83790.1,x,,<minyak kedela> + -i,bentukan,[28] [S] -i + (<all>)
,,,,,
83791,k,0,minyak kelapa,dasar,
,,,,,
83792,k,0,minyak kelenteng,dasar,
,,,,,
83793,k,0,minyak kering-tanggung,dasar,
,,,,,
83794,k,0,minyak keruh,dasar,
,,,,,
83795,k,0,minyak ketumbar,dasar,
,,,,,
83796,k,0,minyak kuku,dasar,
83796.1,x,,<minyak ku> + -ku,bentukan,[32] [SFS] -ku + (<all>)
83796.2,x,,<minyak > + -ku + -ku,bentukan,[32] [SFS] -ku + (<all>) => [32] [SFS] -ku + (<all>)
,,,,,
83797,k,0,minyak ladan,dasar,
83797.1,x,,<minyak lad> + -an,bentukan,[38] [S] -an + (<all>)
,,,,,
83798,k,0,minyak latung,dasar,
,,,,,
83799,k,0,minyak lavender,dasar,
,,,,,
83800,k,0,minyak lemak,dasar,
,,,,,
83801,k,0,minyak liar,dasar,
,,,,,
83802,k,0,minyak limau,dasar,
,,,,,
83803,k,0,minyak lincir,dasar,
,,,,,
83804,k,0,minyak lumas,dasar,
,,,,,
83805,k,0,minyak makasar,dasar,
,,,,,
83806,k,0,minyak manis,dasar,
83806.1,x,,<minyak mani> + [-is:-s],bentukan,[177] [S] -is + (i)
83806.2,x,,<minyak man> + -is,bentukan,[178] [S] -is + (<others>)
,,,,,
83807,k,0,minyak mati,dasar,
83807.1,x,,<minyak mat> + -i,bentukan,[28] [S] -i + (<all>)
,,,,,
83808,k,0,minyak media,dasar,
,,,,,
83809,k,0,minyak medis,dasar,
83809.1,x,,<minyak medi> + [-is:-s],bentukan,[177] [S] -is + (i)
83809.2,x,,<minyak med> + -is,bentukan,[178] [S] -is + (<others>)
,,,,,
83810,k,0,minyak mengering,dasar,
,,,,,
83811,k,0,minyak mentah,dasar,
,,,,,
83812,k,0,minyak mesin,dasar,
,,,,,
83813,k,0,minyak mineral,dasar,
,,,,,
83814,k,0,minyak neroli,dasar,
83814.1,x,,<minyak nerol> + -i,bentukan,[28] [S] -i + (<all>)
,,,,,
83815,k,0,minyak pajan,dasar,
83815.1,x,,<minyak paj> + -an,bentukan,[38] [S] -an + (<all>)
,,,,,
83816,k,0,minyak palmarosa,dasar,
,,,,,
83817,k,0,minyak parafin,dasar,
,,,,,
83818,k,0,minyak patra,dasar,
,,,,,
83819,k,0,minyak pekat,dasar,
,,,,,
83820,k,0,minyak pelet,dasar,
,,,,,
83821,k,0,minyak pelumas,dasar,
,,,,,
83822,k,0,minyak pepermin,dasar,
,,,,,
83823,k,0,minyak permen,dasar,
,,,,,
83824,k,0,minyak poo,dasar,
,,,,,
83825,k,0,minyak putih,dasar,
,,,,,
83826,k,0,minyak raksi,dasar,
83826.1,x,,<minyak raks> + -i,bentukan,[28] [S] -i + (<all>)
,,,,,
83827,k,0,minyak rambut,dasar,
,,,,,
83828,k,0,minyak rangsang,dasar,
,,,,,
83829,k,0,minyak rapa,dasar,
,,,,,
83830,k,0,minyak ringan,dasar,
83830.1,x,,<minyak ring> + -an,bentukan,[38] [S] -an + (<all>)
,,,,,
83831,k,0,minyak roda gigi,dasar,
83831.1,x,,<minyak roda gig> + -i,bentukan,[28] [S] -i + (<all>)
,,,,,
83832,k,0,minyak samin,dasar,
,,,,,
83833,k,0,minyak sawit,dasar,
,,,,,
83834,k,0,minyak serai,dasar,
83834.1,x,,<minyak sera> + -i,bentukan,[28] [S] -i + (<all>)
,,,,,
83835,k,0,minyak setengah mengeringkan,dasar,
83835.1,x,,<minyak setengah mengering> + -kan,bentukan,[29] [S] -kan + (<all>)
83835.2,x,,<minyak setengah mengeringk> + -an,bentukan,[38] [S] -an + (<all>)
,,,,,
83836,k,0,minyak silinder,dasar,
,,,,,
83837,k,0,minyak sinyal,dasar,
,,,,,
83838,k,0,minyak siram jalan,dasar,
83838.1,x,,<minyak siram jal> + -an,bentukan,[38] [S] -an + (<all>)
,,,,,
83839,k,0,minyak sitronela,dasar,
,,,,,
83840,k,0,minyak tak mengering,dasar,
,,,,,
83841,k,0,minyak tampungan,dasar,
83841.1,x,,<minyak tampung> + -an,bentukan,[38] [S] -an + (<all>)
,,,,,
83842,k,0,minyak tanah,dasar,
,,,,,
83843,k,0,minyak telon,dasar,
,,,,,
83844,k,0,minyak ter,dasar,
,,,,,
83845,k,0,minyak terhidrogen,dasar,
,,,,,
83846,k,0,minyak trafo,dasar,
,,,,,
83847,k,0,minyak tung,dasar,
,,,,,
83848,k,0,minyak tungku,dasar,
83848.1,x,,<minyak tung> + -ku,bentukan,[32] [SFS] -ku + (<all>)
,,,,,
83849,k,0,minyak tusam,dasar,
,,,,,
83850,k,0,minyak urat,dasar,
,,,,,
83851,k,0,minyak urut,dasar,
,,,,,
83852,k,0,minyak vetiver,dasar,
,,,,,
83853,k,0,minyak wangi,dasar,
83853.1,x,,<minyak wang> + -i,bentukan,[28] [S] -i + (<all>)
,,,,,
83854,k,0,minyak yasmin,dasar,
,,,,,
83855,k,0,minyak zaitun,dasar,
,,,,,
83856,v,4,minyak-minyak,dasar,
83856.1,v,,<minyak> [-] <r>,bentukan,[23] [RD] |
,,,,,
83857,v,3,mio-inositol,dasar,
,,,,,
83858,k,0,mioelektrik,dasar,
,,,,,
83859,k,0,miofibril,dasar,
,,,,,
83860,v,2,miofibroblas,dasar,
,,,,,
83861,k,0,miofilamen,dasar,
,,,,,
83862,k,0,miogenik,dasar,
,,,,,
83863,k,4,mioglobin,dasar,
,,,,,
83864,k,0,mioinositol,dasar,
,,,,,
83865,v,14,miokard,dasar,
,,,,,
83866,k,0,miokardia,dasar,
,,,,,
83867,v,3,miokardial,dasar,
,,,,,
83868,v,3,miokarditis,dasar,
83868.1,x,,<miokarditi> + [-is:-s],bentukan,[177] [S] -is + (i)
83868.2,x,,<miokardit> + -is,bentukan,[178] [S] -is + (<others>)
,,,,,
83869,k,16,miokardium,dasar,
,,,,,
83870,v,2,mioklonus,dasar,
,,,,,
83871,k,0,miologi,dasar,
83871.1,x,,<miolog> + -i,bentukan,[28] [S] -i + (<all>)
83871.2,x,,<mio> + -logi,bentukan,[190] [S] -logi + (<all>)
,,,,,
83872,k,5,mioma,dasar,
,,,,,
83873,v,3,miometrium,dasar,
,,,,,
83874,k,0,miop,dasar,
,,,,,
83875,k,2,miopati,dasar,
83875.1,x,,<miopat> + -i,bentukan,[28] [S] -i + (<all>)
,,,,,
83876,k,0,miopatik,dasar,
,,,,,
83877,k,0,miopia,dasar,
,,,,,
83878,v,3,miosen,dasar,
,,,,,
83879,k,0,mioset,dasar,
,,,,,
83880,k,2,miosin,dasar,
,,,,,
83881,k,2,miosis,dasar,
83881.1,x,,<miosi> + [-is:-s],bentukan,[177] [S] -is + (i)
83881.2,x,,<mios> + -is,bentukan,[178] [S] -is + (<others>)
,,,,,
83882,k,0,miositis,dasar,
83882.1,x,,<miositi> + [-is:-s],bentukan,[177] [S] -is + (i)
83882.2,x,,<miosit> + -is,bentukan,[178] [S] -is + (<others>)
,,,,,
83883,k,0,miotendenitis,dasar,
83883.1,x,,<miotendeniti> + [-is:-s],bentukan,[177] [S] -is + (i)
83883.2,x,,<miotendenit> + -is,bentukan,[178] [S] -is + (<others>)
,,,,,
83884,k,0,miotik,dasar,
,,,,,
83885,k,0,miotonia,dasar,
,,,,,
83886,k,0,miotonik,dasar,
,,,,,
83887,v,4,mip,dasar,
,,,,,
83888,v,51,mipa,dasar,
,,,,,
83889,k,0,mipan,dasar,
83889.1,x,,<mip> + -an,bentukan,[38] [S] -an + (<all>)
,,,,,
83890,k,0,mipis,dasar,
83890.1,x,,<mipi> + [-is:-s],bentukan,[177] [S] -is + (i)
83890.2,x,,<mip> + -is,bentukan,[178] [S] -is + (<others>)
,,,,,
83891,k,0,mipster,dasar,
,,,,,
83892,v,37,mir,dasar,
,,,,,
83893,k,69,mira,dasar,
,,,,,
83894,v,7,mirabilis,dasar,
83894.1,x,,<mirabili> + [-is:-s],bentukan,[177] [S] -is + (i)
83894.2,x,,<mirabil> + -is,bentukan,[178] [S] -is + (<others>)
,,,,,
83895,k,16,mirah,dasar,
,,,,,
83896,c,5,mirai,dasar,tirai
83896.1,x,,<mira> + -i,bentukan,[28] [S] -i + (<all>)
,,,,,
83897,k,0,mirakel,dasar,
,,,,,
83898,k,67,miranda,dasar,
83898.1,x,,<mira> + [-anda:-nda],bentukan,[183] [S] -anda + (i;u;a;[k:])
83898.2,x,,<miran> + [-anda:-da],bentukan,[184] [S] -anda + (an)
83898.3,x,,<mir> + -anda,bentukan,[185] [S] -anda + (<others>)
,,,,,
83899,v,36,miras,dasar,
,,,,,
83900,v,2,mirasantika,dasar,
,,,,,
83901,k,0,mirat,dasar,
,,,,,
83902,k,0,mirat atas,dasar,
,,,,,
83903,k,0,mirat bawah,dasar,
,,,,,
83904,k,0,miriapod,dasar,
,,,,,
83905,k,0,mirih,dasar,
,,,,,
83906,k,0,mirik,dasar,
,,,,,
83907,k,3,mirin,dasar,
,,,,,
83908,k,348,miring,dasar,
,,,,,
83909,v,7,miring-miring,dasar,
83909.1,v,,<miring> [-] <r>,bentukan,[23] [RD] |
,,,,,
83910,k,1643,mirip,dasar,
,,,,,
83911,v,63,mirip-mirip,dasar,
83911.1,v,,<mirip> [-] <r>,bentukan,[23] [RD] |
,,,,,
83912,k,116,miris,dasar,
83912.1,x,,<miri> + [-is:-s],bentukan,[177] [S] -is + (i)
83912.2,x,,<mir> + -is,bentukan,[178] [S] -is + (<others>)
,,,,,
83913,v,5,miristat,dasar,
,,,,,
83914,k,0,mirmekofag,dasar,
,,,,,
83915,k,0,mirmekofili,dasar,
83915.1,x,,<mirmekofil> + -i,bentukan,[28] [S] -i + (<all>)
83915.2,x,,<mirmeko> + -fili,bentukan,[193] [S] -fili + (<all>)
,,,,,
83916,k,0,mirmekofilia,dasar,
83916.1,x,,<mirmeko> + -filia,bentukan,[216] [S] -filia + (<all>)
,,,,,
83917,k,0,mirmekofobia,dasar,
83917.1,x,,<mirmeko> + -fobia,bentukan,[107] [S] -fobia + (<all>)
,,,,,
83918,k,0,mirmekologi,dasar,
83918.1,x,,<mirmekolog> + -i,bentukan,[28] [S] -i + (<all>)
83918.2,x,,<mirmeko> + -logi,bentukan,[190] [S] -logi + (<all>)
,,,,,
83919,k,50,misa,dasar,
,,,,,
83920,k,0,misa kudus,dasar,
,,,,,
83921,k,0,misa rekuiem,dasar,
,,,,,
83922,k,0,misa suci,dasar,
83922.1,x,,<misa suc> + -i,bentukan,[28] [S] -i + (<all>)
,,,,,
83923,t,2,misah,dasar,
,,,,,
83924,k,4,misai,dasar,
83924.1,x,,<misa> + -i,bentukan,[28] [S] -i + (<all>)
,,,,,
83925,k,431,misal,dasar,
,,,,,
83926,k,0,misal kata,dasar,
,,,,,
83927,k,235,misalkan,dasar,
83927.1,v,,<misal> + -kan,bentukan,[29] [S] -kan + (<all>)
83927.2,x,,<misalk> + -an,bentukan,[38] [S] -an + (<all>)
,,,,,
83928,k,5723,misalnya,dasar,
83928.1,v,,<misal> + -nya,bentukan,[34] [SFS] -nya + (<all>)
,,,,,
83929,v,4,misalokasi,dasar,
83929.1,x,,<misalokas> + -i,bentukan,[28] [S] -i + (<all>)
,,,,,
83930,k,2,misan,dasar,
83930.1,x,,<mis> + -an,bentukan,[38] [S] -an + (<all>)
,,,,,
83931,k,0,misandri,dasar,
83931.1,x,,<misandr> + -i,bentukan,[28] [S] -i + (<all>)
,,,,,
83932,k,0,misandris,dasar,
83932.1,x,,<misandri> + [-is:-s],bentukan,[177] [S] -is + (i)
83932.2,x,,<misandr> + -is,bentukan,[178] [S] -is + (<others>)
,,,,,
83933,k,0,misantrop,dasar,
,,,,,
83934,v,3,misappropriation,dasar,
,,,,,
83935,d,0,misapropiasi,dasar,
83935.1,x,,<misapropias> + -i,bentukan,[28] [S] -i + (<all>)
,,,,,
83936,k,15,misbah,dasar,
,,,,,
83937,v,3,misbar,dasar,
,,,,,
83938,k,0,misdinar,dasar,
,,,,,
83939,k,6,misel,dasar,
,,,,,
83940,v,5,miselia,dasar,
,,,,,
83941,k,18,miselium,dasar,
,,,,,
83942,v,2,mises,dasar,
,,,,,
83943,k,1250,misi,dasar,
83943.1,x,,<mis> + -i,bentukan,[28] [S] -i + (<all>)
,,,,,
83944,k,0,misi kristus,dasar,
,,,,,
83945,v,6,misi-misi,dasar,
83945.1,v,,<misi> [-] <r>,bentukan,[23] [RD] |
83945.2,x,,<mis> + -i [-] <r> + -i,bentukan,[28] [S] -i + (<all>) => [23] [RD] |
,,,,,
83946,v,6,misik,dasar,
,,,,,
83947,k,28,misil,dasar,
,,,,,
83948,k,0,misil balistik,dasar,
,,,,,
83949,v,10,misinformasi,dasar,
83949.1,x,,<misinformas> + -i,bentukan,[28] [S] -i + (<all>)
,,,,,
83950,k,5,misinterpretasi,dasar,
83950.1,x,,<misinterpretas> + -i,bentukan,[28] [S] -i + (<all>)
,,,,,
83951,k,0,misiologi,dasar,
83951.1,x,,<misiolog> + -i,bentukan,[28] [S] -i + (<all>)
83951.2,x,,<misio> + -logi,bentukan,[190] [S] -logi + (<all>)
,,,,,
83952,v,3,misionari,dasar,
83952.1,x,,<misionar> + -i,bentukan,[28] [S] -i + (<all>)
,,,,,
83953,k,38,misionaris,dasar,
83953.1,x,,<misionari> + [-is:-s],bentukan,[177] [S] -is + (i)
83953.2,x,,<misionar> + -is,bentukan,[178] [S] -is + (<others>)
,,,,,
83954,k,0,misioner,dasar,
,,,,,
83955,k,0,miskal,dasar,
,,,,,
83956,k,1532,miskin,dasar,
,,,,,
83957,k,0,miskin papa,dasar,
,,,,,
83958,v,2,miskin-miskin,dasar,
83958.1,v,,<miskin> [-] <r>,bentukan,[23] [RD] |
,,,,,
83959,k,22,miskomunikasi,dasar,
83959.1,x,,<miskomunikas> + -i,bentukan,[28] [S] -i + (<all>)
,,,,,
83960,k,9,miskonsepsi,dasar,
83960.1,x,,<miskonseps> + -i,bentukan,[28] [S] -i + (<all>)
,,,,,
83961,k,0,miskoordinasi,dasar,
83961.1,x,,<miskoordinas> + -i,bentukan,[28] [S] -i + (<all>)
,,,,,
83962,k,0,miskram,dasar,
,,,,,
83963,v,3,mismanajemen,dasar,
,,,,,
83964,k,7,miso,dasar,
,,,,,
83965,k,0,misoa,dasar,
,,,,,
83966,k,0,misofili,dasar,
83966.1,x,,<misofil> + -i,bentukan,[28] [S] -i + (<all>)
83966.2,x,,<miso> + -fili,bentukan,[193] [S] -fili + (<all>)
,,,,,
83967,k,0,misofilia,dasar,
83967.1,x,,<miso> + -filia,bentukan,[216] [S] -filia + (<all>)
,,,,,
83968,k,0,misofobia,dasar,
83968.1,x,,<miso> + -fobia,bentukan,[107] [S] -fobia + (<all>)
,,,,,
83969,k,0,misogami,dasar,
83969.1,x,,<misogam> + -i,bentukan,[28] [S] -i + (<all>)
,,,,,
83970,k,4,misogini,dasar,
83970.1,x,,<misogin> + -i,bentukan,[28] [S] -i + (<all>)
,,,,,
83971,k,12,misoginis,dasar,
83971.1,v,,<misogini> + [-is:-s],bentukan,[177] [S] -is + (i)
83971.2,x,,<misogin> + -is,bentukan,[178] [S] -is + (<others>)
,,,,,
83972,k,12,mispersepsi,dasar,
83972.1,x,,<misperseps> + -i,bentukan,[28] [S] -i + (<all>)
,,,,,
83973,v,2,misrepresentasi,dasar,
83973.1,x,,<misrepresentas> + -i,bentukan,[28] [S] -i + (<all>)
,,,,,
83974,k,2,misri,dasar,
83974.1,x,,<misr> + -i,bentukan,[28] [S] -i + (<all>)
,,,,,
83975,k,2,misro,dasar,
,,,,,
83976,k,40,mistar,dasar,
,,,,,
83977,k,0,mistar gawang,dasar,
,,,,,
83978,k,0,mistar kelim,dasar,
,,,,,
83979,k,0,mistar rajut,dasar,
,,,,,
83980,k,28,mister,dasar,
,,,,,
83981,k,295,misteri,dasar,
83981.1,x,,<mister> + -i,bentukan,[28] [S] -i + (<all>)
,,,,,
83982,k,0,misteri paskah,dasar,
83982.1,x,,<misteri pas> + -kah,bentukan,[30] [FS] -kah + (<all>)
,,,,,
83983,v,2,misteri-misteri,dasar,
83983.1,v,,<misteri> [-] <r>,bentukan,[23] [RD] |
83983.2,x,,<mister> + -i [-] <r> + -i,bentukan,[28] [S] -i + (<all>) => [23] [RD] |
,,,,,
83984,k,290,misterius,dasar,
,,,,,
83985,v,8,mistifikasi,dasar,
83985.1,x,,<mistifikas> + -i,bentukan,[28] [S] -i + (<all>)
,,,,,
83986,k,82,mistik,dasar,
,,,,,
83987,k,0,mistikisme,dasar,
83987.1,v,,<mistik> + -isme,bentukan,[89] [S] -isme + (<all>)
,,,,,
83988,v,2,mistikus,dasar,
,,,,,
83989,k,98,mistis,dasar,
83989.1,x,,<misti> + [-is:-s],bentukan,[177] [S] -is + (i)
83989.2,x,,<mist> + -is,bentukan,[178] [S] -is + (<others>)
,,,,,
83990,v,6,mistisisme,dasar,
83990.1,v,,<mistis> + -isme,bentukan,[89] [S] -isme + (<all>)
,,,,,
83991,k,3,mistri,dasar,
83991.1,x,,<mistr> + -i,bentukan,[28] [S] -i + (<all>)
,,,,,
83992,k,0,misua,dasar,
,,,,,
83993,k,3,misuh,dasar,
,,,,,
83994,k,0,miswak,dasar,
,,,,,
83995,k,0,miswat,dasar,
,,,,,
83996,v,2,mitan,dasar,minyak tanah
83996.1,x,,<mit> + -an,bentukan,[38] [S] -an + (<all>)
,,,,,
83997,k,0,mitasi,dasar,
83997.1,x,,<mitas> + -i,bentukan,[28] [S] -i + (<all>)
,,,,,
83998,k,8,mite,dasar,
,,,,,
83999,k,0,mitembeyan,dasar,
83999.1,x,,<mitembey> + -an,bentukan,[38] [S] -an + (<all>)
,,,,,
84000,k,368,mitigasi,dasar,
84000.1,x,,<mitigas> + -i,bentukan,[28] [S] -i + (<all>)
,,,,,
84001,k,0,mitisida,dasar,
,,,,,
84002,k,0,mitofobia,dasar,
84002.1,x,,<mito> + -fobia,bentukan,[107] [S] -fobia + (<all>)
,,,,,
84003,k,4,mitogen,dasar,
,,,,,
84004,k,4,mitogenik,dasar,
,,,,,
84005,k,0,mitografi,dasar,
84005.1,x,,<mitograf> + -i,bentukan,[28] [S] -i + (<all>)
,,,,,
84006,k,42,mitokondria,dasar,
,,,,,
84007,v,2,mitokondrial,dasar,
,,,,,
84008,k,58,mitologi,dasar,
84008.1,x,,<mitolog> + -i,bentukan,[28] [S] -i + (<all>)
84008.2,x,,<mito> + -logi,bentukan,[190] [S] -logi + (<all>)
